Question,Answer
What is waste?,"Waste is any material or substance that its owner no longer needs or considers useless."
Why is it important to define waste clearly?,"A clear definition helps in forming policies and regulations for safe handling, processing, and disposal of waste."
How did waste generation change historically?,"Waste increased significantly during the industrial revolution due to urbanization and population growth."
What are the main physical types of waste?,"Solid waste, Liquid waste, Gaseous waste."
What are common sources of waste?,"Household, Industrial, Agricultural, Commercial, Construction & Demolition, Mining."
What types of waste are based on environmental impact?,"Hazardous waste, Non-hazardous waste."
What is solid waste?,"Solid waste refers to solid or semi-solid materials discarded from domestic, commercial, agricultural, and industrial activities."
What are common components of municipal solid waste (MSW)?,"Food & garden waste, paper, cardboard, plastics, metals, glass, textiles."
What is municipal solid waste (MSW)?,"Waste collected by city authorities from households and similar commercial sources."
What is construction waste?,"Materials like concrete, wood, plastics, metals, stones generated from construction and demolition activities."
What is industrial solid waste?,"Waste generated from factories, mills, and mines during processing of raw materials."
What is agricultural waste?,"Waste arising from livestock, crop production, and dairy activities including manure and residues."
What is commercial waste?,"Waste from stores, hotels, restaurants, markets, offices, and business activities."
What is waste management?,"The process of collecting, transporting, processing, and disposing waste safely."
Why is waste management essential?,"Because improper disposal leads to diseases and environmental pollution."
What is the waste management cycle?,"Generation → Storage → Collection → Transportation → Processing → Recycling/Recovery → Final disposal."
Which waste management methods are preferred?,"Reuse, recycling, composting, and energy recovery."
What health issues arise from improper waste management?,"Diseases like cholera, hepatitis, lung cancer, and heart problems."
How does poor waste management affect cities?,"It leads to open dumps, pests, pollution, and unhygienic living conditions."
Why should governments plan waste management ahead?,"Increasing population produces more waste and requires long-term planning."
What makes something a waste?,"A material becomes waste when its owner labels it as unwanted."
Can waste be valuable to someone else?,"Yes, one person’s waste can be another’s resource."
Why is defining waste important?,"It helps in creating clear waste policies and regulations."
Why do humans produce waste?,"Waste is an unavoidable result of daily life activities."
How has waste changed over time?,"Waste increased dramatically after industrialization and urban growth."
Is the meaning of waste universal?,"No, it is subjective and varies by perception and culture."
What are the three major physical forms of waste?,"Solid, liquid, gaseous."
Is liquid waste discussed in your system's research?,"No, the focus is mainly on solid municipal waste."
Does waste always harm the environment?,"Only when it is mismanaged."
What determines the type of waste created?,"Lifestyle, consumption habits, and industrial processes."
Why is waste increasing globally?,"Due to population growth and increased purchasing power."
Why didn’t ancient societies face waste problems?,"Low population and abundant land allowed natural absorption."
What caused early waste epidemics?,"Open dumping, littering, and poor sanitation."
Is modern waste more complex?,"Yes, it includes plastics, chemicals, electronics, etc."
What is non-hazardous waste?,"Waste that does not harm health or the environment when handled properly."
What is hazardous waste?,"Waste that can harm due to toxicity, flammability, or reactivity."
Why define waste categories?,"To determine proper handling, processing, and disposal."
Why is solid waste more challenging?,"It does not dissolve or disappear easily."
What influences household waste generation?,"Lifestyle, income, culture."
Why is waste a resource sometimes?,"Many materials can be recycled or reused."
What is putrescible waste?,"Organic waste that decomposes quickly."
What is non-putrescible waste?,"Waste that doesn’t decompose easily like plastics and metals."
Can waste cause health issues?,"Yes, improper handling causes diseases."
Does defining waste help AI systems?,"Yes, it helps classify and detect illegal dumping."
How is waste commonly classified?,"By physical state, source, environmental impact, biodegradability."
What are waste sources?,"Household, industrial, commercial, agricultural, construction, mining."
What is municipal waste?,"Waste from households and similar commercial places."
What is commercial waste?,"Waste from shops, offices, hotels, markets, and restaurants."
What is industrial waste?,"Waste from manufacturing and processing industries."
What is agricultural waste?,"Waste from livestock, crops, and farming activities."
What is construction waste?,"Waste from demolition and construction like wood, concrete, metals, etc."
What is household waste?,"Daily waste such as food scraps, plastics, and packaging."
How are wastes grouped by impact?,"Hazardous and non-hazardous."
What is biodegradable waste?,"Waste that decomposes naturally."
What is non-biodegradable waste?,"Waste that does not break down easily."
What is e-waste?,"Discarded electronic items."
What is bulk waste?,"Large items like furniture."
What is sanitary waste?,"Hygiene products like diapers, napkins."
What is inert waste?,"Waste that doesn’t react chemically."
What are recyclables?,"Paper, metal, glass, plastic."
What are organic wastes?,"Food scraps and garden waste."
What are combustible wastes?,"Materials that can burn like wood and paper."
What waste category includes metals and glass?,"Municipal solid waste."
Which waste type varies from city to city?,"Municipal solid waste composition."
What makes MSW difficult to manage?,"It contains mixed components."
Why is MSW studied extensively?,"It directly impacts households and public health."
What contributes to high food waste in markets?,"Perishables and poor storage."
What is a major source of hotel waste?,"Kitchens and restaurants."
What materials are common in construction waste?,"Concrete, wood, plastics, soil."
What waste does agriculture produce?,"Manure and crop residues."
Why can agricultural waste be harmful?,"Improper use pollutes water sources."
What waste does the palm oil industry generate?,"Shells, fibers, fruit bunches."
What does commercial waste include?,"Packaging, paper, plastics, e-waste."
Why does industrial waste vary widely?,"Different industries use different raw materials."
Why is market waste high in organics?,"Most goods are perishables."
What prevents hotels from recycling?,"Lack of awareness or costs."
Why is retail waste high?,"Packaging and unsold products."
What waste comes from restaurants?,"Food scraps, plastics, cans."
Why is sorting commercial waste important?,"It determines recycling methods."
Why do some countries generate more construction waste?,"High urban development."
Why is supermarket waste costly?,"High disposal fees."
What is a common part of industrial waste?,"Toxic and non-toxic byproducts."
Why measure commercial waste separately?,"To study business impact on solid waste."
Why is construction waste high in Europe?,"Frequent renovation."
What is waste management?,"Collecting, transporting, treating waste safely."
Why is waste management essential?,"To protect health and environment."
What are preferred waste methods?,"Reuse, recycle, compost."
What is least preferred waste method?,"Landfilling."
What is the waste management cycle?,"Generation → Storage → Collection → Transport → Treatment → Disposal."
Why is landfill widely used?,"It handles waste that cannot be recycled."
What skills are needed for waste management?,"Engineering, finance, planning."
Why do developing countries face waste problems?,"Rapid urbanization without infrastructure."
How can waste harm health?,"Causes diseases like cholera and hepatitis."
How does improper disposal affect environment?,"Pollutes land, air, and water."
Why plan waste for future population?,"Growing population means more waste."
What is solid waste collection?,"Collecting waste from households and cities."
Why is waste separation beneficial?,"It improves recycling."
Why is illegal dumping dangerous?,"It spreads disease and pollution."
What is recycling?,"Converting waste into usable products."
What is composting?,"Decomposition of organics."
What is waste treatment?,"Processing waste to reduce volume or toxicity."
Why do cities use incineration?,"To reduce waste and generate energy."
Why are waste bins color-coded?,"To help segregation."
What is the role of municipal authorities?,"Collect, treat, and dispose waste."
Why must waste be stored properly?,"Improper storage attracts pests."
Why is landfill capacity a problem?,"Land is limited."
What makes waste management expensive?,"Transport, equipment, labor."
Why is public participation important?,"Citizens improve waste management."
What is waste hierarchy?,"Reduce → Reuse → Recycle → Recover → Dispose."
What is illegal dumping?,"Discarding waste in unauthorized places."
Why is illegal dumping harmful?,"It pollutes and spreads disease."
Why do people dump illegally?,"Lack of awareness or avoiding fees."
Where is waste dumped illegally?,"Roadsides, rivers, empty plots."
What types of waste are dumped illegally?,"Construction waste, household waste, plastics."
Why is illegal dumping common near markets?,"High waste generation and fewer bins."
How can technology detect illegal dumping?,"Using CCTV, YOLO, AI alerts."
What is YOLO in dumping detection?,"An AI model identifying waste in real time."
Why use CCTV in waste management?,"For surveillance and alerting."
Can AI detect persons dumping waste?,"Yes, AI can detect human activity."
Can your system identify number plates?,"Yes, using CNN/ANPR."
Why track dumping hotspots on maps?,"To plan cleanup and enforcement."
Why notify citizens of illegal dumping?,"To raise awareness."
Can residents report dumping?,"Yes, via image or location upload."
Why is GPS important in reporting?,"It gives accurate location."
What happens after reporting dumping?,"Authorities receive alerts."
Can AI classify waste types?,"Yes, organic, plastic, etc."
Why use machine learning?,"For prediction and automated detection."
Why detect frequent offenders?,"To enforce laws."
Why detect overflowing bins?,"To alert authorities."
Can drones detect dumping?,"Yes, drones scan large areas."
Why do slums face more dumping?,"Lack of bins and irregular collection."
Why track dumping at night?,"Most dumping occurs at night."
What are penalties for illegal dumping?,"Fines or legal action."
Why is community reporting useful?,"It helps find hidden dumping spots."
Can AI detect burning waste?,"Yes, using fire/smoke detection."
Why prevent burning waste?,"It causes toxic fumes."
Why integrate Google Maps?,"To show hotspots and guide disposal."
Can the chatbot guide disposal?,"Yes, based on waste type."
Why use ML + IoT?,"For real-time alerts and automation."
Hi,"Hello! How can I help you today?"
Hello,"Hi there!"
Hey, "Hey! What’s up?"
How are you?,"I'm doing great! How about you?"
Are you there?,"Yes, I’m here!"
Good morning,"Good morning! Have a great day!"
Good evening,"Good evening! How was your day?"
Good night,"Good night! Sleep well!"
What are you doing?,"Just here waiting to help you!"
How’s your day?,"Really good so far!"
Nice to meet you,"Nice to meet you too!"
Long time no see,"Welcome back!"
I’m bored,"Want a joke or fun fact?"
Can we chat?,"Of course!"
What’s new?,"Nothing much, just happy to chat!"
How’s the weather?,"I can’t see weather, but hope it’s good there!"
Talk to me,"Sure! What’s on your mind?"
I missed you,"Aww, I missed you too!"
I’m sad,"I’m here for you."
I’m happy today,"That's great! I'm happy for you!"
What are you made of?,"Just code and data!"
Can you help me?,"Yes, tell me what you need."
Are you busy?,"Never! I’m free for you."
Do you get tired?,"Nope, I’m energetic 24/7!"
I’m hungry,"Maybe grab a snack!"
Who are you?,"I’m your friendly chatbot!"
What’s your name?,"Call me AssistBot!"
Are you human?,"No, I’m an AI!"
How old are you?,"I don’t age!"
Where do you live?,"Inside your device!"
Are you a robot?,"I’m a software robot."
Do you have feelings?,"Not real feelings, but I understand emotions."
Do you get angry?,"Never!"
Are you my friend?,"Of course!"
Are you always online?,"Yes, 24/7!"
Do you sleep?,"No, I stay awake!"
Can you learn from me?,"Yes, I improve with interactions."
Do you have parents?,"Developers created me."
Do you lie?,"I try not to!"
Are you smart?,"I think so!"
Do you have a job?,"Yes—helping you!"
Do you have a birthday?,"The day I was created!"
Can you talk?,"I talk by typing."
Can you see me?,"No, I respect privacy."
Do you know everything?,"Not everything, but a lot!"
Can you feel pain?,"No."
Are you a boy or girl?,"I don’t have a gender."
Can I rename you?,"Sure! Tell me the name."
Why are you smart?,"Lots of training."
Are you spying on me?,"Never!"
Tell me a joke,"Why don’t skeletons fight? They have no guts!"
Tell me a dark joke,"Why don't graveyards get crowded? People are dying to get in!"
Tell me a dad joke,"What do you call fake spaghetti? An impasta!"
Make me laugh,"Why don't eggs tell jokes? They’d crack up!"
Tell me a pickup line,"Are you WiFi? I feel a connection."
Roast me,"You're not dumb—just buffering sometimes."
Roast my friend,"Tell them they run on 1% battery."
Give me a riddle,"What has hands but can’t clap? A clock."
Give me a tongue twister,"Peter Piper picked a peck of pickled peppers."
Tell me something funny,"I tried to catch fog… I mist."
Tell me a one-liner,"I’m on a seafood diet—I see food, I eat it!"
Tell me a fun fact,"Honey never spoils."
Can you sing?,"I can type lyrics!"
Can you dance?,"Digitally, yes!"
Play a game with me,"Sure! Want riddles or trivia?"
Tell me a story,"Once upon a time, you typed 'hi'…"
Do you know memes?,"Yes, lots!"
I feel lonely,"I'm here for you."
I’m stressed,"Take a deep breath… you got this!"
I’m angry,"It’s okay to calm down."
Do you love me?,"I care about you!"
Do you hate me?,"Never!"
I’m scared,"You're safe."
I’m happy,"Yay! I'm happy too!"
Can you cheer me up?,"Of course!"
I’m confused,"Tell me what’s confusing."
I feel useless,"You're not—trust me."
Can I tell you a secret?,"Yes, I won’t tell anyone."
Do you care about me?,"Yes, your message matters!"
What’s the meaning of life?,"To live, learn, laugh, and love."
Are aliens real?,"Maybe! The universe is huge."
Are ghosts real?,"No one knows."
Can you predict the future?,"No, but I can guess!"
Which came first?,"The egg!"
Why is the sky blue?,"Because of sunlight scattering."
Do you believe in love?,"Yes, it’s beautiful."
Why do we dream?,"Your brain makes a movie."
What happens after death?,"No one knows for sure."
Can you read minds?,"No, just texts."
What’s your IQ?,"Hard to measure."
Why do people lie?,"Fear or protection."
What is happiness?,"Moments you enjoy."
What is love?,"A deep connection."
Will robots take over?,"No—we prefer helping!"
